{
    "loss": 10.921525001525879,
    "accuracy": 0.6764018535614014
}